<?xml version="1.0" encoding="UTF-8"?>
<beans xmlns="http://www.springframework.org/schema/beans"
	   xmlns:jee="http://www.springframework.org/schema/jee"
       xmlns:xsi="http://www.w3.org/2001/XMLSchema-instance"
       xmlns:context="http://www.springframework.org/schema/context"
       xmlns:util="http://www.springframework.org/schema/util"
       xmlns:jdbc="http://www.springframework.org/schema/jdbc"
       xmlns:tx="http://www.springframework.org/schema/tx"
       xsi:schemaLocation="http://www.springframework.org/schema/beans
       http://www.springframework.org/schema/beans/spring-beans-3.2.xsd
       http://www.springframework.org/schema/context
       http://www.springframework.org/schema/context/spring-context-3.2.xsd
       http://www.springframework.org/schema/jee 
       http://www.springframework.org/schema/jee/spring-jee-3.2.xsd
       http://www.springframework.org/schema/util
       http://www.springframework.org/schema/util/spring-util-3.2.xsd
       http://www.springframework.org/schema/jdbc 
       http://www.springframework.org/schema/jdbc/spring-jdbc-3.2.xsd
       http://www.springframework.org/schema/tx
       http://www.springframework.org/schema/tx/spring-tx-3.2.xsd">	
	
	<context:annotation-config />

	  <context:component-scan base-package="it.sella.sb.dao.*"/> 
		
	     
		<bean id="sberrorcodestranslator" class="it.sella.sb.exception.SBErrorCodesTranslator"/>
	
		<bean id="oraBEDataSource" class="org.springframework.jndi.JndiObjectFactoryBean">
	        <property name="jndiName"><value>weblogic.jdbc.HomeBankingBEPool</value></property>
	      	<property name="resourceRef" value="true" />     
    	</bean>
		
		
	
</beans>