{
  "status": "OK",
  "errors": [],
  "botConfiguration": {
    "voice": "false",
    "widget": "false",
    "dhi": "false",
    "sound": "false",
    "user-id": "c6818008a8d8f2070cdb9f078b83b50e690d3f5f97c47cfad5d9567f21235286f3b0831e8e6a1c04ab195caa0b4e7ad4b85f333a75a23ce45f5b1517f26bb5b5",
    "question-repeat": "true",
    "bot-id": "0e62d74bc0b7818c5462ae9c371fcd8e",
    "hide-infos": "true",
    "link-text": "VAI ALLA PAGINA",
    "link-preview": "true",
    "inline": "true",
    "link-opener": "https://www.sella.tst/sellabot/execute/bot/link",
    "width": "100%",
    "context": "IB_NonAutenticato_InOrario",
    "question-id": "394509",
    "bot-icon": "true",
    "open": "true",
    "height": "100%",
    "hide-settings": "true",
    "theme-style": "light"
  },
  "configuration": {
    "botScript": "https://virtualassistant.sella.tst/algho-viewer.min.js",
    "forceAgentRedirect": "N",
    "overTime": "false"
  },
  "errorMessageCode": null
}
