{
  "status": "OK",
  "errors": [],
  "nome": "Shenba",
  "cognome": "P",
  "codiceFiscale": null,
  "dataNascita": null,
  "statoCivile": null,
  "email": "shenba@test.com",
  "sesso": null,
  "nickName": "SP",
  "isAnonymous": true,
  "isShowButton": false,
  "isMobile": false,
  "operatorParam": null,
  "channelId": "Sella_sito_free",
  "categoria": "CHAT_WebSella_CF",
  "cnctrToken": null,
  "onlineMessages": null,
  "messageDetails": null,
  "errorMessageCode": null
}
