{
  "status": "OK",
  "errors": [],
  "questions": [
    {
      "questionId": "2",
      "questionDesc": "Come valuta la sessione di chat appena conclusa con il nostro servizio di assistenza?",
      "questionType": "3",
      "options": [
        { "optionId": "1", "optionDesc": "Ottimo", "other": "0" },
        { "optionId": "2", "optionDesc": "Buono", "other": "0" },
        { "optionId": "3", "optionDesc": "Sufficiente", "other": "0" },
        { "optionId": "4", "optionDesc": "Scarso", "other": "0" },
        { "optionId": "5", "optionDesc": "Non adeguato", "other": "0" }
      ]
    },
    {
      "questionId": "3",
      "questionDesc": "Utilizzerà ancora la chat in futuro?",
      "questionType": "2",
      "options": [
        { "optionId": "7", "optionDesc": "SI", "other": "0" },
        { "optionId": "8", "optionDesc": "NO", "other": "0" }
      ]
    },
    {
      "questionId": "4",
      "questionDesc": "Vuole lasciare un commento?",
      "questionType": "1",
      "options": [
        { "optionId": "9", "optionDesc": "Testo libero", "other": "1" }
      ]
    }
  ],
  "errorMessageCode": null
}
