{
    "status":"OK",
    "response": [
        {
            "id":5,
            "code": "anagraficaPrivatoBaseWidget",
            "description": null,
            "valid": "Y",
            "default": "Y",
            "main": "N",
            "widgetConfig": {
                "test": "working?"
            },
            "parentWidgetId": 1
        },
        {
            "id":6,
            "code": "anagraficaButtonsWidget",
            "description": null,
            "valid": "Y",
            "default": "Y",
            "main": "N",
            "widgetConfig": {
                "test": "working?"
            },
            "parentWidgetId": 1
        }
    ]
}