{
  "httpStatus": 200,
  "status": "OK",
  "errorCode": null,
  "errorMessage": null,
  "intxId": null,
  "response": [
    {
      "id": null,
      "abicode": "03268",
      "bankCode": "BS",
      "desctiption": "Banca Sella S.p.A.",
      "h2oId": null,
      "divisionId": null,
      "default": false
    },
    {
      "id": null,
      "abicode": "03064",
      "bankCode": "BBC",
      "desctiption": "Banca Sella Nord Est Bovio Calderari S.p.A.",
      "h2oId": null,
      "divisionId": null,
      "default": false
    },
    {
      "id": null,
      "abicode": "03049",
      "bankCode": "BAG",
      "desctiption": "Banca Sella Sud Arditi Galati S.p.A.",
      "h2oId": null,
      "divisionId": null,
      "default": false
    },
    {
      "id": null,
      "abicode": "08657",
      "bankCode": "BDP",
      "desctiption": "Banca Di Palermo S.p.A.",
      "h2oId": null,
      "divisionId": null,
      "default": false
    },
    {
      "id": null,
      "abicode": "03211",
      "bankCode": "BPA",
      "desctiption": "Banca Patrimoni Sella & C. S.p.A.",
      "h2oId": null,
      "divisionId": null,
      "default": false
    },
    {
      "id": null,
      "abicode": "36000",
      "bankCode": "CLS",
      "desctiption": "Carta Lis S.p.A.",
      "h2oId": null,
      "divisionId": null,
      "default": false
    },
    {
      "id": null,
      "abicode": "03311",
      "bankCode": "SHB",
      "desctiption": "Banca Sella Holding S.p.A.",
      "h2oId": null,
      "divisionId": null,
      "default": false
    },
    {
      "id": null,
      "abicode": "36999",
      "bankCode": "IMT",
      "desctiption": "Imel TEST S.p.A.",
      "h2oId": null,
      "divisionId": null,
      "default": false
    },
    {
      "id": null,
      "abicode": "36772",
      "bankCode": "HYP",
      "desctiption": "Hype S.p.A.",
      "h2oId": null,
      "divisionId": null,
      "default": false
    },
    {
      "id": null,
      "abicode": "36935",
      "bankCode": "AXE",
      "desctiption": "Axerve S.p.A.",
      "h2oId": null,
      "divisionId": null,
      "default": false
    },
    {
      "id": null,
      "abicode": "03625",
      "bankCode": "IDE",
      "desctiption": "Banca Aidexa S.p.A.",
      "h2oId": null,
      "divisionId": null,
      "default": false
    },
    {
      "id": null,
      "abicode": "99999",
      "bankCode": "CNT",
      "desctiption": "Centrico Paas Onboarding",
      "h2oId": null,
      "divisionId": null,
      "default": false
    },
    {
      "id": null,
      "abicode": "03395",
      "bankCode": "ITTPIT21M",
      "desctiption": "illimity S.p.A.",
      "h2oId": null,
      "divisionId": null,
      "default": false
    },
    {
      "id": null,
      "abicode": "18164",
      "bankCode": "XLD",
      "desctiption": "Xoldy",
      "h2oId": null,
      "divisionId": null,
      "default": false
    }
  ]
}
