{
  "status": "OK",
  "errors": [],
  "successMessages": [],
  "data": {
    "nextSurvey": {
      "id": "1",
      "question": "Ciao, sono qui per aiutarti. Hai già richiesto i codici demo per provare la nuova piattaforma di trading?",
      "type": "BUTTON",
      "answers": [
        {
          "id": "2",
          "labelcode": "SI",
          "value": "Y"
        },
        {
          "id": "3",
          "labelcode": "NO",
          "value": "N"
        }
      ]
    }
  }
}
