{
  "success": "OK",
  "errors": [],
  "successMessages": [],
  "data": {
    "surveys": [
      {
        "question": "Hi, I'm here to help you. Have you already requested the demo codes to try the new trading platform?",
        "answer": {
          "type": "BOOLEAN",
          "progress": "ANSWERED",
          "value": "SI"
        }
      },
      {
        "question": "Are you interested in receiving more information?",
        "answer": {
          "type": "BOOLEAN",
          "progress": "ANSWERED",
          "value": "SI"
        }
      },
      {
        "question": "Please enter your phone number",
        "answer": {
          "type": "PHONENUMBER",
          "progress": "UNANSWERED",
          "value": ""
        }
      },
      {
        "question": "Acceptance of consent",
        "answer": {
          "type": "BOOLEAN",
          "progress": "UNANSWERED",
          "value": ""
        }
      }
    ]
  }
}
