{
    "status":"OK",
    "message":"",
    "errorMessage": "",
    "response": [
        {
        "name": "Stefano",
        "surname": "Albicocchi",
        "idSoggetto": "111111",
        "nationality": "Italiana",
        "ottoCifre": "12345678",
        "codiceFiscale": "LBCSFN96H24A859Y",
        "sesso": "M",
        "email": "stefano.albicocchi@gmail.com",
        "dataNascita":"24/06/1996",
        "username": "",
        "provincia": "BI",
        "codiceCliente": [
            {
                "code": "01271238",
                "status": "ACTIVE"
            }
        ]
        }
    ]
}