{
    "status":"OK",
    "message":"",
    "errorMessage": "",
    "response": [
        {
            "id": 0,
            "code": "idSoggetto",
            "description": "Id Soggetto",
            "type": "number",
            "isDefault": true
        },
        {
            "id": 1,
            "code":"codCliente",
            "description": "CodiceCliente",
            "type": "number",
            "isDefault": false
        },
        {
            "id": 2,
            "code":"username",
            "description": "Username",
            "type": "string",
            "isDefault": false
        }
    ]
}