{
  "httpStatus": 200,
  "status": "OK",
  "errorCode": null,
  "errorMessage": null,
  "intxId": null,
  "cities": [
    { "id": "12116", "name": "MILANO", "province": "MI", "cap": "20137" },
    { "id": "12160", "name": "VARALLO", "province": "VC", "cap": "13019" },
    {
      "id": "12067",
      "name": "VALLE INFERIORE MOSSO",
      "province": "VC",
      "cap": ""
    },
    {
      "id": "12075",
      "name": "VALLE SUPERIORE MOSSO",
      "province": "VC",
      "cap": ""
    },
    { "id": "12024", "name": "VALDUGGIA", "province": "VC", "cap": "13018" },
    { "id": "11841", "name": "TRICERRO", "province": "VC", "cap": "13038" },
    { "id": "11851", "name": "TRINO", "province": "VC", "cap": "13039" },
    {
      "id": "11876",
      "name": "TRONZANO VERCELLESE",
      "province": "VC",
      "cap": "13049"
    },
    { "id": "11295", "name": "STROPPIANA", "province": "VC", "cap": "13010" },
    {
      "id": "10920",
      "name": "SERRAVALLE SESIA",
      "province": "VC",
      "cap": "13037"
    },
    { "id": "10770", "name": "SCOPA", "province": "VC", "cap": "13027" },
    { "id": "10771", "name": "SCOPELLO", "province": "VC", "cap": "13028" },
    { "id": "10555", "name": "SANTHIA'", "province": "VC", "cap": "13048" },
    {
      "id": "9849",
      "name": "SAN GIUSEPPE DI CASTO",
      "province": "VC",
      "cap": ""
    },
    {
      "id": "9757",
      "name": "SAN GIACOMO VERCELLESE",
      "province": "VC",
      "cap": "13030"
    },
    {
      "id": "9742",
      "name": "SAN GERMANO VERCELLESE",
      "province": "VC",
      "cap": "13047"
    },
    { "id": "9534", "name": "SALUGGIA", "province": "VC", "cap": "13040" },
    { "id": "9431", "name": "SABBIA", "province": "VC", "cap": "13020" },
    { "id": "9486", "name": "SALASCO", "province": "VC", "cap": "13040" },
    {
      "id": "9510",
      "name": "SALI VERCELLESE",
      "province": "VC",
      "cap": "13040"
    },
    { "id": "9308", "name": "RONSECCO", "province": "VC", "cap": "13036" },
    { "id": "9344", "name": "ROSSA", "province": "VC", "cap": "13020" },
    { "id": "9369", "name": "ROVASENDA", "province": "VC", "cap": "13040" },
    { "id": "9055", "name": "RIVE", "province": "VC", "cap": "13030" },
    { "id": "9075", "name": "ROASENDA", "province": "VC", "cap": "" },
    { "id": "9076", "name": "ROASIO", "province": "VC", "cap": "13060" },
    {
      "id": "8974",
      "name": "RIMA SAN GIUSEPPE",
      "province": "VC",
      "cap": "13026"
    },
    { "id": "8975", "name": "RIMASCO", "province": "VC", "cap": "13026" },
    {
      "id": "9033",
      "name": "RIVA VALDOBBIA",
      "province": "VC",
      "cap": "13020"
    },
    { "id": "8860", "name": "RASSA", "province": "VC", "cap": "13020" },
    {
      "id": "8795",
      "name": "QUINTO VERCELLESE",
      "province": "VC",
      "cap": "13030"
    },
    { "id": "8760", "name": "QUARONA", "province": "VC", "cap": "13017" },
    { "id": "8788", "name": "QUINTO", "province": "VC", "cap": "" },
    { "id": "8611", "name": "PRAROLO", "province": "VC", "cap": "13012" },
    { "id": "8555", "name": "POSTUA", "province": "VC", "cap": "13010" },
    { "id": "8235", "name": "PIODE", "province": "VC", "cap": "13020" },
    { "id": "8208", "name": "PILA", "province": "VC", "cap": "13020" },
    { "id": "8030", "name": "PEZZANA", "province": "VC", "cap": "13010" },
    { "id": "8059", "name": "PIANCERI", "province": "VC", "cap": "13016" },
    { "id": "7957", "name": "PERTENGO", "province": "VC", "cap": "13030" },
    { "id": "7799", "name": "PARONE", "province": "VC", "cap": "" },
    {
      "id": "7709",
      "name": "PALAZZOLO VERCELLESE",
      "province": "VC",
      "cap": "13040"
    },
    { "id": "7375", "name": "OLCENENGO", "province": "VC", "cap": "13047" },
    { "id": "7377", "name": "OLDENICO", "province": "VC", "cap": "13030" },
    { "id": "7016", "name": "MORCA", "province": "VC", "cap": "13020" },
    { "id": "7049", "name": "MORONDO", "province": "VC", "cap": "" },
    { "id": "7089", "name": "MOSSO SANTA MARIA", "province": "VC", "cap": "" },
    {
      "id": "7094",
      "name": "MOTTA DE' CONTI",
      "province": "VC",
      "cap": "13010"
    },
    { "id": "6456", "name": "MOLLIA", "province": "VC", "cap": "13020" },
    { "id": "6517", "name": "MONCRIVELLO", "province": "VC", "cap": "13040" },
    { "id": "5741", "name": "LOZZOLO", "province": "VC", "cap": "13045" },
    {
      "id": "5635",
      "name": "LIVORNO FERRARIS",
      "province": "VC",
      "cap": "13046"
    },
    { "id": "5648", "name": "LOCARNO", "province": "VC", "cap": "" },
    { "id": "5517", "name": "LENTA", "province": "VC", "cap": "13035" },
    { "id": "5547", "name": "LESSONA", "province": "VC", "cap": "13853" },
    { "id": "5413", "name": "LAMPORO", "province": "VC", "cap": "13046" },
    { "id": "5319", "name": "ISOLELLA", "province": "VC", "cap": "" },
    { "id": "5178", "name": "GUARDABOSONE", "province": "VC", "cap": "13010" },
    { "id": "5086", "name": "GREGGIO", "province": "VC", "cap": "13030" },
    { "id": "4898", "name": "GHISLARENGO", "province": "VC", "cap": "13030" },
    { "id": "4527", "name": "FORESTO SESIA", "province": "VC", "cap": "" },
    { "id": "4543", "name": "FORMIGLIANA", "province": "VC", "cap": "13030" },
    { "id": "4501", "name": "FONTANETTO DA PO", "province": "VC", "cap": "" },
    { "id": "4502", "name": "FONTANETTO PO", "province": "VC", "cap": "13040" },
    { "id": "4448", "name": "FLECCHIA", "province": "VC", "cap": "13020" },
    { "id": "4457", "name": "FOBELLO", "province": "VC", "cap": "13025" },
    { "id": "4346", "name": "FERRUTA", "province": "VC", "cap": "" },
    { "id": "4017", "name": "DESANA", "province": "VC", "cap": "13034" },
    { "id": "4054", "name": "DOCCIO", "province": "VC", "cap": "" },
    { "id": "3905", "name": "CROVA", "province": "VC", "cap": "13040" },
    { "id": "3881", "name": "CREVOLA", "province": "VC", "cap": "" },
    { "id": "3883", "name": "CREVOLA SESIA", "province": "VC", "cap": "" },
    { "id": "3889", "name": "CROCE DI MOSSO", "province": "VC", "cap": "" },
    { "id": "3793", "name": "COSSILA", "province": "VC", "cap": "13060" },
    { "id": "3820", "name": "COSTANZANA", "province": "VC", "cap": "13033" },
    { "id": "3840", "name": "CRAVAGLIANA", "province": "VC", "cap": "13020" },
    { "id": "3864", "name": "CRESCENTINO", "province": "VC", "cap": "13044" },
    { "id": "3540", "name": "COLLOBIANO", "province": "VC", "cap": "13030" },
    { "id": "3385", "name": "CIVIASCO", "province": "VC", "cap": "13010" },
    { "id": "3297", "name": "CIGLIANO", "province": "VC", "cap": "13043" },
    { "id": "3221", "name": "CHIAVAZZA", "province": "VC", "cap": "13051" },
    { "id": "3129", "name": "CERVAROLO", "province": "VC", "cap": "" },
    { "id": "3131", "name": "CERVATTO", "province": "VC", "cap": "13025" },
    { "id": "2999", "name": "CELLIO", "province": "VC", "cap": "13024" },
    { "id": "2632", "name": "CASTELLETTO VILLA", "province": "VC", "cap": "" },
    { "id": "2610", "name": "CASTELLENGO", "province": "VC", "cap": "13014" },
    { "id": "2305", "name": "CASANOVA ELVO", "province": "VC", "cap": "13030" },
    { "id": "2335", "name": "CASCINE DI STRA", "province": "VC", "cap": "" },
    {
      "id": "2337",
      "name": "CASCINE SAN GIACOMO",
      "province": "VC",
      "cap": ""
    },
    { "id": "2086", "name": "CARCOFORO", "province": "VC", "cap": "13026" },
    { "id": "2104", "name": "CARESANA", "province": "VC", "cap": "13010" },
    { "id": "2105", "name": "CARESANABLOT", "province": "VC", "cap": "13030" },
    { "id": "2121", "name": "CARISIO", "province": "VC", "cap": "13040" },
    { "id": "1712", "name": "CAMASCO", "province": "VC", "cap": "" },
    { "id": "1774", "name": "CAMPERTOGNO", "province": "VC", "cap": "13023" },
    { "id": "1250", "name": "BORGOSESIA", "province": "VC", "cap": "13011" },
    { "id": "1258", "name": "BORNATE", "province": "VC", "cap": "" },
    {
      "id": "1222",
      "name": "BORGO VERCELLI",
      "province": "VC",
      "cap": "13012"
    },
    { "id": "1202", "name": "BORGO D'ALE", "province": "VC", "cap": "13040" },
    { "id": "1023", "name": "BIANZE'", "province": "VC", "cap": "13041" },
    { "id": "1096", "name": "BOCCIOLETO", "province": "VC", "cap": "13022" },
    { "id": "731", "name": "BALMUCCIA", "province": "VC", "cap": "13020" },
    { "id": "732", "name": "BALOCCO", "province": "VC", "cap": "13040" },
    { "id": "556", "name": "ASIGLIANO", "province": "VC", "cap": "" },
    { "id": "425", "name": "ARANCO", "province": "VC", "cap": "" },
    { "id": "430", "name": "ARBORIO", "province": "VC", "cap": "13031" },
    { "id": "333", "name": "ANDORNO CACCIORNA", "province": "VC", "cap": "" },
    { "id": "137", "name": "ALAGNA", "province": "VC", "cap": "" },
    {
      "id": "138",
      "name": "ALAGNA VALSESIA",
      "province": "VC",
      "cap": "13021"
    },
    {
      "id": "156",
      "name": "ALBANO VERCELLESE",
      "province": "VC",
      "cap": "13030"
    },
    { "id": "241", "name": "ALICE CASTELLO", "province": "VC", "cap": "13040" },
    { "id": "93", "name": "AGNONA", "province": "VC", "cap": "" },
    { "id": "12667", "name": "VINTEBBIO", "province": "VC", "cap": "13030" },
    { "id": "12720", "name": "VOCCA", "province": "VC", "cap": "13020" },
    { "id": "12620", "name": "VILLARBOIT", "province": "VC", "cap": "13030" },
    { "id": "12636", "name": "VILLATA", "province": "VC", "cap": "13010" },
    { "id": "12264", "name": "VERCELLI", "province": "VC", "cap": "13100" },
    {
      "id": "15907",
      "name": "ALTO SERMENZA",
      "province": "VC",
      "cap": "13029"
    },
    {
      "id": "15908",
      "name": "CELLIO CON BREIA",
      "province": "VC",
      "cap": "13024"
    },
    { "id": "4819", "name": "GATTINARA", "province": "VC", "cap": "13045" },
    { "id": "1512", "name": "BURONZO", "province": "VC", "cap": "13040" },
    {
      "id": "559",
      "name": "ASIGLIANO VERCELLESE",
      "province": "VC",
      "cap": "13032"
    },
    { "id": "8976", "name": "RIMELLA", "province": "VC", "cap": "13020" },
    { "id": "1353", "name": "BREIA", "province": "VC", "cap": "13020" },
    { "id": "5583", "name": "LIGNANA", "province": "VC", "cap": "13034" }
  ],
  "nations": null
}
