{
  "httpStatus": 200,
  "status": "OK",
  "errorCode": "AN-001",
  "errorMessage": "No Data Found",
  "response": {
    "multipleClientFound": false,
    "abisearch": "03268",
    "multipleClient": [
      {
        "idSoggetto": "252135",
        "client": "NCEIOFM PLWRJTLRCB",
        "data": "08/07/1996",
        "codiceFiscale": "PLWNFM96L08A859N"
      },
      {
          "idSoggetto": "8307297",
          "client": "UPYPH PRJLAFX",
          "data": "30/05/1986",
          "codiceFiscale": "PRJPPH86E70B639S"
      }
    ],
    "warningMessages": [],
    "privato": [
      {
        "idSoggetto": "9217275",
        "ottoCifre": "012496208",
        "name": "NLNIVMGMIHB",
        "surname": "ZQODKPE",
        "nazioneNascita": "ITALIA",
        "nazionalita": "ITALIANA",
        "natoIl": "18/02/1971",
        "natoA": "MILANO",
        "codiceFiscale": "ZQDNNV71B18F205F",
        "sesso": "M",
        "provincia": "MI",
        "documenti": [
          {
            "tipo": "Carta d'identita",
            "numero": "1023780",
            "emessoA": null,
            "emessoIl": "09/06/2014",
            "emessoDa": "COMUNE",
            "dataScadenza": "11/02/2025"
          }
        ],
        "recapiti": [
          {
            "tipo": "Tel. Cellulare",
            "tipoCode": "TEC",
            "prefisso": "0039 - ITALIA",
            "recapito": "3357777777",
            "dataOperazione": "28/01/2020 12:05:00",
            "note": ""
          },
          {
            "tipo": "Posta Elettronica",
            "tipoCode": "Posta Elettronica",
            "prefisso": null,
            "recapito": "TEST@SELLA.IT",
            "dataOperazione": "28/01/2020 12:05:00",
            "note": ""
          },
          {
            "tipo": "Posta Elettronica",
            "tipoCode": "Posta Elettronica",
            "prefisso": null,
            "recapito": "TEST@SELLA.IT",
            "dataOperazione": "",
            "note": "03866088"
          }
        ],
        "residenza": {
          "indirizzo": "EQHPGRCJUTKIMRNWJ",
          "comune": "MILANO",
          "cap": "20137",
          "provincia": "MI",
          "stato": "ITALIA"
        },
        "needToUpdateCredential": true,
        "internetCodes": [
          {
            "ibCode": "03582322",
            "username": null,
            "bank": "BSE",
            "status": "Bloccato",
            "customerType": null
          },
          {
            "ibCode": "03866088",
            "username": "amministrazione@evolvere.io",
            "bank": "BPA",
            "status": "Attivo",
            "customerType": null
          }
        ]
      }
    ],
    "azienda": [
      {
        "idSoggetto": null,
        "codiceEsercente": "3210000",
        "stabilimento": "0001",
        "termId": "1234",
        "ragioneSociale": "RAGIONE SOCIALE",
        "insegna": "GUARDAMI SONO UN INSEGNA 1",
        "address": "VIA LIBERTA 1",
        "property": "S",
        "descProperty": "LALA DESC1",
        "dataCostituzione": "01/01/2021",
        "citta": "VARALLO",
        "cap": "13900",
        "provincia": "BI",
        "telDati1": "123456788",
        "telDati2": "1234543543",
        "idAbi": "3268",
        "cab": "flk",
        "conto": "FAF124afA14",
        "abiAltre": "13242",
        "cabAltre": "r242",
        "contoAltre": "rwrewr03",
        "legaleRappresentante":"NOME COGNOME",
        "partitaIva":"342432423"
      },
      {
        "idSoggetto": null,
        "codiceEsercente": "3210000",
        "stabilimento": "0002",
        "termId": "1234",
        "ragioneSociale": "RAGIONE SOCIALE",
        "insegna": "GUARDAMI SONO UN INSEGNA 2",
        "address": "VIA LIBERTA 2",
        "property": "S",
        "descProperty": "LALA DESC2",
        "citta": "TORINO",
        "dataCostituzione": "01/01/2021",
        "cap": "13900",
        "provincia": "BI",
        "telDati1": "123456788",
        "telDati2": "1234543543"
      },
      {
        "idSoggetto": null,
        "codiceEsercente": "3210000",
        "stabilimento": "0003",
        "termId": "1234",
        "ragioneSociale": "RAGIONE SOCIALE 1",
        "descProperty": "LALA DESC3",
        "citta": "MILANO",
        "insegna": "GUARDAMI SONO UN INSEGNA 3",
        "address": "VIA LIBERTA 3",
        "property": "S",
        "dataCostituzione": "01/01/2021",
        "cap": "13900",
        "provincia": "BI",
        "telDati1": "123456788",
        "telDati2": "1234543543"
      }
    ]
  }
}
