{
  "httpStatus": 200,
  "status": "OK",
  "errorCode": null,
  "errorMessage": null,
  "response": [
    {
      "id": 25,
      "code": "idSoggetto",
      "description": "ID Soggetto",
      "type": null,
      "valid": "Y",
      "default": true
    },
    {
      "id": 26,
      "code": "codCliUsername",
      "description": "Codice Cliente o Username",
      "type": null,
      "valid": "Y",
      "default": false
    },
    {
      "id": 27,
      "code": "nomeCognomeDob",
      "description": "Cognome Nome",
      "type": null,
      "valid": "Y",
      "default": false
    },
    {
      "id": 28,
      "code": "email",
      "description": "Email",
      "type": null,
      "valid": "Y",
      "default": false
    },
    {
      "id": 29,
      "code": "phone",
      "description": "Tel Cell/Fisso",
      "type": null,
      "valid": "Y",
      "default": false
    },
    {
      "id": 30,
      "code": "idContatto",
      "description": "ID Contatto",
      "type": null,
      "valid": "Y",
      "default": false
    },
    {
      "id": 31,
      "code": "codFiscale",
      "description": "Codice Fiscale",
      "type": null,
      "valid": "Y",
      "default": false
    },
    {
      "id": 32,
      "code": "codSia",
      "description": "Codice SIA",
      "type": null,
      "valid": "Y",
      "default": false
    }
  ]
}
