{
  "httpStatus": 200,
  "status": "OK",
  "errorCode": "AN-001",
  "errorMessage": "No Data Found",
  "response": {
    "multipleClientFound": false,
    "multipleClient": [
      {
        "idSoggetto": "252135",
        "client": "NCEIOFM PLWRJTLRCB",
        "data": "08/07/1996",
        "codiceFiscale": "PLWNFM96L08A859N"
      },
      {
          "idSoggetto": "8307297",
          "client": "UPYPH PRJLAFX",
          "data": "30/05/1986",
          "codiceFiscale": "PRJPPH86E70B639S"
      }
    ],
    "warningMessages": [{
      "title": "TITLE 1",
      "message": "This is the first message! Alert!!!!",
      "type": "A",
      "blocker": true
    },
    {
      "title": "TITLE 2",
      "message": "This is the second message! Warning!!!!",
      "type": "W",
      "blocker": false
    },
    {
      "title": "TITLE 3",
      "message": "This is the third message! General!!!!",
      "type": "G",
      "blocker": false
    },
    {
      "title": "TITLE 4",
      "message": "This is the 4th message! Warning!!!!",
      "type": "W",
      "blocker": false
    },
    {
      "title": "TITLE 5",
      "message": "This is the 5th message! General!!!!",
      "type": "G",
      "blocker": false
    }
  ],
    "privato": [
      {
        "idSoggetto": "9217275",
        "ottoCifre": "012496208",
        "name": "NLNIVMGMIHB",
        "surname": "ZQODKPE",
        "nazioneNascita": "ITALIA",
        "nazionalita": "ITALIANA",
        "natoIl": "18/02/1971",
        "natoA": "MILANO",
        "codiceFiscale": "ZQDNNV71B18F205F",
        "sesso": "M",
        "provincia": "MI",
        "documenti": [
          {
            "tipo": "Carta d'identita",
            "numero": "1023780",
            "emessoA": null,
            "emessoIl": "09/06/2014",
            "emessoDa": "COMUNE",
            "dataScadenza": "11/02/2025"
          }
        ],
        "recapiti": [
          {
            "tipo": "Tel. Cellulare",
            "tipoCode": "TEC",
            "prefisso": "0039 - ITALIA",
            "recapito": "3357777777",
            "dataOperazione": "28/01/2020 12:05:00",
            "note": ""
          },
          {
            "tipo": "Posta Elettronica",
            "tipoCode": "Posta Elettronica",
            "prefisso": null,
            "recapito": "TEST@SELLA.IT",
            "dataOperazione": "28/01/2020 12:05:00",
            "note": ""
          },
          {
            "tipo": "Posta Elettronica",
            "tipoCode": "Posta Elettronica",
            "prefisso": null,
            "recapito": "TEST@SELLA.IT",
            "dataOperazione": "",
            "note": "03866088"
          }
        ],
        "residenza": {
          "indirizzo": "EQHPGRCJUTKIMRNWJ",
          "comune": "MILANO",
          "cap": "20137",
          "provincia": "MI",
          "stato": "ITALIA"
        },
        "needToUpdateCredential": true,
        "internetCodes": [
          {
            "ibCode": "03582322",
            "username": null,
            "bank": "BSE",
            "status": "Bloccato",
            "customerType": null
          },
          {
            "ibCode": "03866088",
            "username": "amministrazione@evolvere.io",
            "bank": "BPA",
            "status": "Attivo",
            "customerType": null
          }
        ]
      }
    ],
    "azienda": [
      {
        "idSoggetto": null,
        "ottoCifre": null,
        "siaCode": "A7Q2X",
        "partitaIva": "10003372959",
        "type": "NEWB4B",
        "email": "MONICA.RICCARDI@EVOLVERE.IO",
        "ibCode": "03866088",
        "username": null,
        "client": "NLNIVMGMIHB ZQODKPE",
        "ottoConto": "74522689",
        "trediciConto": "Q252745226895",
        "bank": "BSE",
        "denominazione": "CDGIDUZLDALQLPPXNBCKHRCSNGGNU"
      },
      {
        "idSoggetto": null,
        "ottoCifre": null,
        "siaCode": "A7Q2X",
        "partitaIva": "10003372959",
        "type": "NEWB4B",
        "email": "MONICA.RICCARDI@EVOLVERE.IO",
        "ibCode": "03866058",
        "username": null,
        "client": "MZGSVFP FARKZRT",
        "ottoConto": "74522689",
        "trediciConto": "Q252745226895",
        "bank": "BSE",
        "denominazione": "CDGIDUZLDALQLPPXNBCKHRCSNGGNU"
      },
      {
        "idSoggetto": null,
        "ottoCifre": null,
        "siaCode": "A7Q2X",
        "partitaIva": "10003372959",
        "type": "NEWB4B",
        "email": "MONICA.RICCARDI@EVOLVERE.IO",
        "ibCode": "03582322",
        "username": null,
        "client": "NLNIVMGMIHB ZQODKPE",
        "ottoConto": "74522689",
        "trediciConto": "Q252745226895",
        "bank": "BSE",
        "denominazione": "CDGIDUZLDALQLPPXNBCKHRCSNGGNU"
      }
    ]
  }
}
