{
    "httpStatus":200,
    "status":"OK",
    "errorCode":null,
    "errorMessage":null,
    "intxId":null,
    "lastClientSearchFound":false,
    "response":{
       "abisearch":"191429",
       "multipleClientFound":false,
       "multipleClient":null,
       "warningMessages":[
          
       ],
       "privato":null,
       "azienda":null,
       "employee":null,
       "leasingDetails":{
          "clienteSellaLeasing":[
             {
                "id":"dsUser",
                "label":"DS_USER",
                "value":"XXXXXXXXXXXXX"
             },
             {
                "id":"codInt",
                "label":"COD_INT",
                "value":"06080268"
             },
             {
                "id":"cf",
                "label":"CF / P.IVA CLIENTE",
                "value":"XXXXXXXXXXX"
             }
          ],
          "utenteSellaLeasingWeb":[
             {
                "id":"ibCode",
                "label":"IB_CODE",
                "value":"BLC04572"
             },
             {
                "id":"codIntUser",
                "label":"COD_INT_USER",
                "value":"06080268"
             },
             {
                "id":"nomeUtente",
                "label":"NOME UTENTE",
                "value":"XXXXXXXXXXXXX"
             },
             {
                "id":"cogNomeUtente",
                "label":"COGNOME UTENTE",
                "value":""
             },
             {
                "id":"cfUtente",
                "label":"C.F. UTENTE",
                "value":null
             },
             {
                "id":"emailUtente",
                "label":"EMAIL UTENTE",
                "value":"XXXXXXXXXXXXXXXXXXXXX"
             },
             {
                "id":"nMobileUtente",
                "label":"N_MOBILE UTENTE",
                "value":null
             },
             {
                "id":"userType",
                "label":"USER_TYPE",
                "value":"CUSTOMER"
             },
             {
                "id":"userStatus",
                "label":"USER_STATUS",
                "value":"SUSPENDED"
             },
             {
                "id":"userGrantType",
                "label":"USER_GRANT_TYPE",
                "value":"OWNER"
             },
             {
                "id":"dateLastChange",
                "label":"DT_LAST_CHANGE",
                "value":"21-06-2020"
             },
             {
                "id":"loginType",
                "label":"LOGIN_TYPE",
                "value":"TOKEN_TO_BE_ASSIGNED"
             },
             {
                "id":"tokenStatus",
                "label":"TOKEN_STATUS",
                "value":""
             },
             {
                "id":"tokenExpirationDate",
                "label":"TOKEN_EXPIRATION_DATE",
                "value":""
             },
             {
                "id":"tokenSerialNumber",
                "label":"TOKEN_SERIAL_NUMBER",
                "value":""
             },
             {
                "id":"pinResetBlockedDate",
                "label":"PIN_RESET_BLOCKED_DATE",
                "value":null
             }
          ]
       }
    }
 }