{
    "httpStatus": 200,
    "status": "OK",
    "errorCode": null,
    "errorMessage": null,
    "intxId": null,
    "lastClientSearchFound": false,
    "response": {
      "abisearch": "03268",
      "multipleClientFound": false,
      "multipleClient": null,
      "warningMessages": [],
      "privato": [
        {
          "idSoggetto": "399509",
          "name": "GAETANO",
          "surname": "LUCIANI",
          "nazioneNascita": "ITALIA",
          "nazionalita": "ITALIANA",
          "natoIl": "18/02/1947",
          "natoA": "ATESSA",
          "codiceFiscale": "LCNGTN47B18A485V",
          "sesso": "M",
          "provincia": "CH",
          "documenti": [
            {
              "tipo": "Carta d'identita",
              "numero": "AV3027057",
              "emessoA": null,
              "emessoIl": "04/06/2014",
              "emessoDa": "COMUNE",
              "dataScadenza": "18/02/2025"
            }
          ],
          "recapiti": [
            {
              "tipo": "Tel. Cellulare",
              "tipoCode": "TEC",
              "prefisso": "0039 - ITALIA",
              "recapito": "3293606729",
              "dataOperazione": "14/07/2015 08:53:07",
              "note": ""
            },
            {
              "tipo": "Posta Elettronica",
              "tipoCode": "Posta Elettronica",
              "prefisso": null,
              "recapito": "luferfarma@idlitalia.it",
              "dataOperazione": "",
              "note": "01249977"
            },
            {
              "tipo": "Posta Elettronica",
              "tipoCode": "Posta Elettronica",
              "prefisso": null,
              "recapito": "luferfarma@idlitalia.it",
              "dataOperazione": "30/09/2015 11:15:56",
              "note": ""
            }
          ],
          "residenza": {
            "indirizzo": "VIA PORTUENSE 761",
            "comune": "ROMA",
            "cap": "00148",
            "provincia": "RM",
            "stato": "ITALIA"
          },
          "ottoCifre": "056403264",
          "needToUpdateCredential": true,
          "internetCodes": [
            {
              "ibCode": "01249977",
              "username": null,
              "bank": "BSE",
              "status": "Sospeso",
              "customerType": null,
              "authenticationState": null,
              "credentialType": null,
              "isNewCustomer": null
            },
            {
              "ibCode": "01215700",
              "username": null,
              "bank": "BSE",
              "status": "Bloccato",
              "customerType": null,
              "authenticationState": null,
              "credentialType": null,
              "isNewCustomer": null
            },
            {
              "ibCode": "00434765",
              "username": null,
              "bank": "BSE",
              "status": "Bloccato",
              "customerType": null,
              "authenticationState": null,
              "credentialType": null,
              "isNewCustomer": null
            },
            {
              "ibCode": "00840255",
              "username": null,
              "bank": "BSE",
              "status": "Bloccato",
              "customerType": null,
              "authenticationState": null,
              "credentialType": null,
              "isNewCustomer": null
            }
          ]
        }
      ],
      "azienda": [
        {
          "idSoggetto": "957418",
          "ottoCifre": null,
          "siaCode": null,
          "partitaIva": "04365751009",
          "esercenteId": "565367",
          "codiceEsercente": "3102759",
          "stabilimento": "56006",
          "codiceTml": "00590615",
          "ragioneSociale": "LU.FER. FARMA DI G. LUCIANI & C SNC",
          "insegna": "LU FER FARMA DI G LUCIANI E C",
          "address": "VIA DELLA CASETTA MATTEI 202 204",
          "citta": "ROMA",
          "property": "I5",
          "descProperty": "Axerve con doppia fatturazione del canone di noleggio: metà dell'importo al cliente e metà a Banca Sella",
          "dataCostituzione": "07/09/1992",
          "cap": "00148",
          "provincia": "RM",
          "telDati1": "44399",
          "telDati2": "800183407",
          "agente": null,
          "codAgente": null,
          "nPos": 2,
          "idAbi": "3268",
          "conto": "T7G3564032523",
          "dataBlocco": null,
          "abiAltre": "05696",
          "cabAltre": "03235",
          "contoAltre": "000002176X59",
          "cab": "223008",
          "codFisc": "LCNGTN47B18A485V",
          "legaleRappresentante": "GAETANO-LUCIANI",
          "idSoggettopf": "399509"
        },
        {
          "idSoggetto": "957418",
          "ottoCifre": null,
          "siaCode": null,
          "partitaIva": "04365751009",
          "esercenteId": "675367",
          "codiceEsercente": "3102759",
          "stabilimento": "66057",
          "codiceTml": "54158301",
          "statoPos": "ATTIVO",
          "modelloPos": "MBx PS11102",
          "tipoConnessionePOS": "TIPO CONNESSIONE 1",
          "ragioneSociale": "LU.FER. FARMA DI G. LUCIANI & C SNC",
          "insegna": "LU FER FARMA DI G LUCIANI E C",
          "address": "VIA DELLA CASETTA MATTEI 202 204",
          "citta": "ROMA",
          "property": "I5",
          "descProperty": "Axerve con doppia fatturazione del canone di noleggio: metà dell'importo al cliente e metà a Banca Sella",
          "dataCostituzione": "07/09/1992",
          "cap": "00148",
          "provincia": "RM",
          "telDati1": "44399",
          "telDati2": "800183407",
          "agente": null,
          "codAgente": "0005/55",
          "nPos": 2,
          "idAbi": "3268",
          "conto": "T7G3564032523",
          "dataBlocco": null,
          "abiAltre": "05696",
          "cabAltre": "03235",
          "contoAltre": "000002176X59",
          "cab": "223008",
          "codFisc": "LCNGTN47B18A485V",
          "legaleRappresentante": "GAETANO-LUCIANI",
          "idSoggettopf": "399509"
        },
        {
          "idSoggetto": "-948673",
          "ottoCifre": null,
          "siaCode": null,
          "partitaIva": "s41A7D7vssJ",
          "esercenteId": "224867",
          "codiceEsercente": "9002759",
          "stabilimento": "68002",
          "codiceTml": "32821968",
          "statoPos": "BLOCCATO",
          "modelloPos": "PC 213131H",
          "tipoConnessionePOS": "TIPO CONNESSIONE 2",
          "ragioneSociale": "tK bYB bMBwM Vk e tKSkMzk Y S",
          "insegna": "tK bYB bMBwM Vk e tKSkMzk Y S",
          "address": "NkM SMEYHHM wMHHYk ysy",
          "citta": "ROMA",
          "property": "I1",
          "descProperty": "Noleggio Axerve Fatturazione Banca ",
          "dataCostituzione": "03/01/2000",
          "cap": "ssv4G",
          "provincia": "RM",
          "telDati1": "848580410",
          "telDati2": "800905572",
          "agente": null,
          "codAgente": "A0001",
          "nPos": 1,
          "idAbi": "3268",
          "conto": "VD2v7A4s1y7ys",
          "dataBlocco": "27/11/2007",
          "abiAltre": null,
          "cabAltre": null,
          "contoAltre": null,
          "cab": "032050",
          "codFisc": "tSzeHz4DPvGM4G7N",
          "legaleRappresentante": null,
          "idSoggettopf": "-299409"
        },
        {
          "idSoggetto": "957418",
          "ottoCifre": null,
          "siaCode": null,
          "partitaIva": "04365751009",
          "esercenteId": "9111000",
          "codiceEsercente": "9002759",
          "stabilimento": "89005",
          "codiceTml": "32923845",
          "statoPOS": null,
          "modelloPOS": null,
          "tipoConnessionePOS": null,
          "ragioneSociale": "LU.FER. FARMA DI G. LUCIANI & C SNC",
          "insegna": "LU FER FARMA DI LUCIANI E C ",
          "address": "VIA DELLA CASETTA MATTEI 202 204",
          "citta": "ROMA",
          "property": "I6",
          "descProperty": "Axerve con fatturazione del canone di noleggio a Banca Sella",
          "dataCostituzione": "07/09/1992",
          "cap": "00148",
          "provincia": "RM",
          "telDati1": "0232947446",
          "telDati2": "0294121689",
          "agente": null,
          "codAgente": "0007/77",
          "nPos": 1,
          "idAbi": "3268",
          "conto": "T7G3564032520",
          "dataBlocco": "24/11/2014",
          "abiAltre": "05696",
          "cabAltre": "03235",
          "contoAltre": "000002176X59",
          "cab": "223008",
          "codFisc": "LCNGTN47B18A485V",
          "legaleRappresentante": "GAETANO-LUCIANI",
          "idSoggettopf": "399509"
        }
      ]
    }
  }