{
  "httpStatus": 200,
  "status": "OK",
  "errorCode": null,
  "errorMessage": null,
  "intxId": null,
  "lastClientSearchFound": false,
  "response": {
    "abisearch": "03268",
    "multipleClientFound": false,
    "multipleClient": null,
    "warningMessages": [],
    "privato": [
      {
        "idSoggetto": "9217275",
        "name": "MAURO MARCO",
        "surname": "FANFONI",
        "nazioneNascita": "ITALIA",
        "nazionalita": "ITALIANA",
        "natoIl": "11/02/1971",
        "natoA": "MILANO",
        "codiceFiscale": "FNFMMR71B11F205Y",
        "sesso": "M",
        "provincia": "MI",
        "documenti": [
          {
            "tipo": "Carta d'identita",
            "numero": "1583699AA",
            "emessoA": null,
            "emessoIl": "09/06/2014",
            "emessoDa": "COMUNE",
            "dataScadenza": "11/02/2025"
          }
        ],
        "recapiti": [
          {
            "tipo": "Tel. Cellulare",
            "tipoCode": "TEC",
            "prefisso": "0039 - ITALIA",
            "recapito": "3357518442",
            "dataOperazione": "28/01/2020 12:05:00",
            "note": ""
          },
          {
            "tipo": "Posta Elettronica",
            "tipoCode": "Posta Elettronica",
            "prefisso": null,
            "recapito": "mauro.fanfoni@evolvere.io",
            "dataOperazione": "28/01/2020 12:05:00",
            "note": ""
          },
          {
            "tipo": "Posta Elettronica",
            "tipoCode": "Posta Elettronica",
            "prefisso": null,
            "recapito": "amministrazione@evolvere.io",
            "dataOperazione": "",
            "note": "03866088"
          }
        ],
        "residenza": {
          "indirizzo": "VIA CERVIGNANO 16",
          "comune": "MILANO",
          "cap": "20137",
          "provincia": "MI",
          "stato": "ITALIA"
        },
        "ottoCifre": "049626013",
        "needToUpdateCredential": true,
        "internetCodes": [
          {
            "ibCode": "03582322",
            "username": null,
            "bank": "BSE",
            "status": "Bloccato",
            "customerType": null,
            "authenticationState": null,
            "credentialType": null,
            "isNewCustomer": null
          }
        ]
      }
    ],
    "azienda": [
      {
        "idSoggetto": null,
        "ottoCifre": "74522689",
        "siaCode": "A7Q2X",
        "partitaIva": "07030580968",
        "type": "NEWB4B",
        "email": "MONICA.RICCARDI@EVOLVERE.IO",
        "ibCode": "03582322",
        "username": null,
        "client": "MAURO MARCO FANFONI",
        "ottoConto": "74522689",
        "trediciConto": "Q252745226895",
        "bank": "BSE",
        "abiCode": null,
        "denominazione": "EVOLVERE SPA SOCIETA' BENEFIT"
      },
      {
        "idSoggetto": null,
        "ottoCifre": "74522689",
        "siaCode": "A7Q2X",
        "partitaIva": "07030580968",
        "type": "NEWB4B",
        "email": "MONICA.RICCARDI@EVOLVERE.IO",
        "ibCode": "03866088",
        "username": null,
        "client": "MAURO MARCO FANFONI",
        "ottoConto": "74522689",
        "trediciConto": "Q252745226895",
        "bank": "BSE",
        "abiCode": null,
        "denominazione": "EVOLVERE SPA SOCIETA' BENEFIT"
      },
      {
        "idSoggetto": null,
        "ottoCifre": "74522689",
        "siaCode": "A7Q2X",
        "partitaIva": "07030580968",
        "type": "NEWB4B",
        "email": "MONICA.RICCARDI@EVOLVERE.IO",
        "ibCode": "03866058",
        "username": null,
        "client": "ANTONIO LATELLA",
        "ottoConto": "74522689",
        "trediciConto": "Q252745226895",
        "bank": "BSE",
        "abiCode": null,
        "denominazione": "EVOLVERE SPA SOCIETA' BENEFIT"
      }
    ],
    "employee": [
      {
        "employeeCode": "CONSF10",
        "NTCode": "CONF10",
        "name": "Stefano",
        "surname": "Albicocchi",
        "cdr": "ST0082",
        "office": "STS IT CONTACT CENTER",
        "phoneNumber": "3473751662",
        "externalNumber": "01512313213"
      }
    ]
  }
}
