{
  "httpStatus": 200,
  "status": "OK",
  "errorCode": null,
  "errorMessage": null,
  "intxId": null,
  "response": null,
  "grantsList": [
    {
      "enabled": true,
      "cfCode": "PLAY_GEOLOCALIZATION_MESSAGE",
      "cfGrantKey": "e841eb22-ab6a-42e8-895c-b5d868ffc36f",
      "cfGrantKeyType": "PCGROUPID",
      "cfGrantValid": null,
      "cfGranOrgId": null
    },
    {
      "enabled": true,
      "cfCode": "PRESA_VELOCE",
      "cfGrantKey": null,
      "cfGrantKeyType": "ALL",
      "cfGrantValid": null,
      "cfGranOrgId": null
    },
    {
      "enabled": true,
      "cfCode": "PLAY_GEOLOCALIZATION_MESSAGE",
      "cfGrantKey": "e841eb22-ab6a-42e8-895c-b5d868ffc36f",
      "cfGrantKeyType": "PCGROUPID",
      "cfGrantValid": null,
      "cfGranOrgId": null
    },
    {
      "enabled": true,
      "cfCode": "PURECLOUD_NOTIFICATION",
      "cfGrantKey": "e841eb22-ab6a-42e8-895c-b5d868ffc36f",
      "cfGrantKeyType": "PCGROUPID",
      "cfGrantValid": null,
      "cfGranOrgId": null
    }
  ]
}
