{
    "httpStatus": 200,
    "status": "OK",
    "errorCode": null,
    "errorMessage": null,
    "intxId": null,
    "attachmentList": [
    { "id": 124,"file": "UEsDB........", "name": "Book1.xlsx", "mediaType": "application/vnd.openxmlformats-officedocument.spreadsheetml.sheet", "conversationId": "22b03639-8ec2-4baf-a637-008e838c5c22", "insertedBy": "CLIENT", "insertedDate": "15/02/2022 17:44:20" }
    ,
    
    { "id": 123,"file": "UEsDBBQ.......", "name": "Book2.xlsx", "mediaType": "application/vnd.openxmlformats-officedocument.spreadsheetml.sheet", "conversationId": "22b03639-8ec2-4baf-a637-008e838c5c22", "insertedBy": "CLIENT", "insertedDate": "15/02/2022 17:46:37" }
	,
	{ "id": 125,"file": "UEsDBBQ.......", "name": "Book3.xlsx", "mediaType": "application/vnd.openxmlformats-officedocument.spreadsheetml.sheet", "conversationId": "22b03639-8ec2-4baf-a637-008e838c5c22", "insertedBy": "CLIENT", "insertedDate": "15/02/2022 16:46:38" }
	,
	{ "id": 126,"file": "UEsDBBQ.......", "name": "Book4.xlsx", "mediaType": "application/vnd.openxmlformats-officedocument.spreadsheetml.sheet", "conversationId": "22b03639-8ec2-4baf-a637-008e838c5c22", "insertedBy": "CLIENT", "insertedDate": "15/02/2022 15:46:39" }
	,
	{ "id": 127,"file": "UEsDBBQ.......", "name": "Book5.xlsx", "mediaType": "application/vnd.openxmlformats-officedocument.spreadsheetml.sheet", "conversationId": "22b03639-8ec2-4baf-a637-008e838c5c22", "insertedBy": "AGENT", "insertedDate": "15/02/2022 14:46:30" }
	,
	{ "id": 128,"file": "UEsDBBQ.......", "name": "Book6.xlsx", "mediaType": "application/vnd.openxmlformats-officedocument.spreadsheetml.sheet", "conversationId": "22b03639-8ec2-4baf-a637-008e838c5c22", "insertedBy": "AGENT", "insertedDate": "15/02/2022 13:46:31" }
	,
	{ "id": 129,"file": "UEsDBBQ.......", "name": "Book1.xlsx", "mediaType": "application/vnd.openxmlformats-officedocument.spreadsheetml.sheet", "conversationId": "22b03639-8ec2-4baf-a637-008e838c5c22", "insertedBy": "AGENT", "insertedDate": "15/02/2022 12:46:32" }
	
    ]
    }