{
  "httpStatus": 200,
  "status": "OK",
  "errorCode": null,
  "errorMessage": null,
  "intxId": null,
  "wrapUpResponse": [
    {
    "label": "RECALL",
    "value": "3f34342c-3af6-4009-8ba5-3bd39cd9b39a",
    "rlData":
    { "id": "3f34342c-3af6-4009-8ba5-3bd39cd9b39a", "name": "RECALL", "description": null, "valid": false, "system": false, "organizationId": null, "platformRequired": false, "noteRequired": false }
    }
    ],
    "hasTagResponse": [
    {
    "label": "PRENOTATA",
    "value": "1825",
    "rlData":
    { "id": "1825", "name": "PRENOTATA", "description": "PRENOTATA", "valid": true, "system": false, "organizationId": 1, "platformRequired": false, "noteRequired": false }
    }
    ]
}

