{
    "httpStatus": 200,
    "status": "OK",
    "errorCode": "AN-001",
    "errorMessage": "No Data Found",
    "response": {
      "multipleClientFound": false,
      "multipleClient": [
        {
          "idSoggetto": "252135",
          "client": "NCEIOFM PLWRJTLRCB",
          "data": "08/07/1996",
          "codiceFiscale": "PLWNFM96L08A859N"
        },
        {
            "idSoggetto": "8307297",
            "client": "UPYPH PRJLAFX",
            "data": "30/05/1986",
            "codiceFiscale": "PRJPPH86E70B639S"
        }
      ],
      "warningMessages": [],
      "privato": [
        
      ],
      "azienda": [
        
      ]
    }
  }
  