{
  "httpStatus": 200,
  "status": "OK",
  "errorCode": null,
  "errorMessage": null,
  "intxId": null,
  "cities": null,
  "nations": [
    {
      "id": "261",
      "name": "TERRITORIO BRITANNICO OCEANO INDIANO",
      "nazionalita": ""
    },
    { "id": "263", "name": "THAILANDIA", "nazionalita": "TAILANDESE" },
    { "id": "265", "name": "TOGO", "nazionalita": "" },
    { "id": "266", "name": "TOKELAU", "nazionalita": "" },
    { "id": "267", "name": "TONGA", "nazionalita": "" },
    { "id": "269", "name": "TRINIDAD E TOBAGO", "nazionalita": "" },
    { "id": "270", "name": "TRISTAN DA CUNHA", "nazionalita": "" },
    { "id": "271", "name": "TUNISIA", "nazionalita": "TUNISINA" },
    { "id": "272", "name": "TURCHIA", "nazionalita": "TURCA" },
    { "id": "274", "name": "TURKS E CAICOS", "nazionalita": "" },
    { "id": "275", "name": "TUVALU", "nazionalita": "" },
    { "id": "276", "name": "UCRAINA", "nazionalita": "UCRAINA" },
    { "id": "277", "name": "UGANDA", "nazionalita": "UGANDESE" },
    { "id": "278", "name": "UMM AL QAIWAIN", "nazionalita": "" },
    { "id": "281", "name": "URUGUAY", "nazionalita": "URUGUAIANA" },
    { "id": "282", "name": "UZBEKISTAN", "nazionalita": "UZBEKISTANA" },
    { "id": "283", "name": "VANUATU", "nazionalita": "" },
    { "id": "285", "name": "VENEZUELA", "nazionalita": "VENEZUELANA" },
    { "id": "286", "name": "VERGINI AMERICANE", "nazionalita": "" },
    { "id": "288", "name": "VIETNAM", "nazionalita": "VIETNAMITA" },
    { "id": "133", "name": "ITALIA", "nazionalita": "ITALIANA" }
  ]
}
