{
    "httpStatus": 200,
    "status": "OK",
    "errorCode": null,
    "errorMessage": null,
    "intxId": null,
    "response": [
        { "conId": "2011/09381", "commFissa": "", "commPerc": "0,65", "tipoContratto": "B", "dataRich": "24/03/2011" }
        ,
        { "conId": "2011/09382", "commFissa": "", "commPerc": "1,35", "tipoContratto": "C", "dataRich": "07/09/2012", "dataAtt": "07/09/2012", "dataDis": "13/12/2018", "codConv": "003293438", "compId": "05", "descr": "Diners" }
        ,
        { "conId": "2011/09382", "commFissa": "", "commPerc": "1,35", "tipoContratto": "C", "dataRich": "30/03/2011", "dataDis": "13/12/2018", "compId": "71", "descr": "Banca Sella" }
        ,
        
        { "conId": "2011/09382", "commFissa": "", "commPerc": "1,35", "tipoContratto": "C", "dataRich": "30/03/2011", "dataAtt": "30/03/2011", "dataDis": "13/12/2018", "compId": "66", "descr": "EDC MAESTRO" }
        ]
        }