{
  "httpStatus": 200,
  "status": "OK",
  "errorCode": null,
  "errorMessage": null,
  "intxId": null,
  "response": [
      {
          "id": 42,
          "abicode": "03268",
          "bankCode": "BSE",
          "desctiption": "Banca Sella S.p.A.",
          "h2oId": 1,
          "default": true
      },
      {
          "id": 43,
          "abicode": "03211",
          "bankCode": "BPA",
          "desctiption": "Banca Patrimoni S.p.A.",
          "h2oId": 1367924,
          "default": false
      }
  ]
}