{
  "httpStatus": 200,
  "status": "OK",
  "errorCode": null,
  "errorMessage": null,
  "intxId": null,
  "response": {
    "pureCloudAccessToken": null,
    "userCode": null,
    "wkscURL":"https://te-x-net.bansel.it/AuthenticationDelegatedServlet?delegated_service=219&SECODE=WKS_BRIDGE&SEACTION=LOGIN&SEPARAMS=apptouse=homepagecliente^idsoggetto=$idSoggetto^calleeapp=barramultibankservices",
    "profile": {
      "id": "CONF10",
      "nickName": "STefano",
      "name": "STefano Albicocchi PRE",
      "imageUri": "https://prod-euc1-inin-directory-service-profile.s3-eu-central-1.amazonaws.com/cc5b42d2/6583/42ad/85a7/eae19cac46ef.jpg",
      "title": "",
      "environment": "DEV",
      "authFlow": "v3",
      "organization": {
        "id": 1,
        "name": "centrico",
        "pcName": "Centrico",
        "code": "CNT",
        "pcShortName": "centrico",
        "note": null,
        "valid": "Y",
        "provider": "adfs"
      },
      "language": "en-EN",
      "timeoutMap": {
        "CHAT_CHECK_AGENT_WRITE": 5000,
        "CHAT_CHECK_CLIENT_AFTER_MSG": 5000,
        "CHAT_AGENT_MSG_POPUP": 5000,
        "TIMEOUT_AUTOCLOSEACW_VOICE_INBOUND":30000,
        "TIMEOUT_AUTOCLOSEACW_VOICE_OUTBOUND":30500,
        "TIMEOUT_AUTOCLOSEACW_EMAIL_INBOUND":31000,
        "TIMEOUT_AUTOCLOSEACW_EMAIL_OUTBOUND":31500,
        "TIMEOUT_AUTOCLOSEACW_CHAT_INBOUND":32000,
        "TIMEOUT_AUTOCLOSEACW_CHAT_OUTBOUND":32500
      }
    }
  }
}
