{
  "httpStatus": 200,
  "status": "OK",
  "errorCode": null,
  "errorMessage": null,
  "intxId": null,
  "response": [
    { "8d43d56c-f08c-44cc-b1c3-48f54e3c9e71":"RECALL_POS_BSE" }
    ,
    { "8d43d56c-f08c-44cc-b1c3-48f54e3c9e72":"RECALL_ASSTOL_BSE" }
    ,
    { "8d43d56c-f08c-44cc-b1c3-48f54e3c9e73":"RECALL_BOT_CARTE_BSE" }
    ,
    { "8d43d56c-f08c-44cc-b1c3-48f54e3c9e74":"RECALL_BOT_ECOMMERCE_BSE" }
    ,
    { "8d43d56c-f08c-44cc-b1c3-48f54e3c9e75":"RECALL_REMOTE_BSE" }
  ]
}
