{
  "httpStatus": 200,
  "status": "OK",
  "errorCode": null,
  "errorMessage": null,
  "intxId": null,
  "response": [
    {
      "id": 1,
      "name": "TEST",
      "description": "TEST",
      "valid": true,
      "system": false,
      "organizationId": 1,
      "platformRequired": false,
      "noteRequired": true
    },
    {
      "id": 2,
      "name": "TEST1",
      "description": "TEST1",
      "valid": true,
      "system": false,
      "organizationId": 1,
      "platformRequired": true,
      "noteRequired": false
    },
    {
      "id": 3,
      "name": "TEST2",
      "description": "TEST2",
      "valid": true,
      "system": false,
      "organizationId": 1
    },
    {
      "id": 1825,
      "name": "PRENOTATA",
      "description": "PRENOTATA",
      "valid": true,
      "system": false,
      "organizationId": 1825,
      "platformRequired": false,
      "noteRequired": true
    }
  ]
}
