{
  "httpStatus": 200,
  "status": "OK",
  "errorCode": null,
  "errorMessage": null,
  "intxId": null,
  "response": [
    {
      "id": "13a7b178-5245-4491-8215-7ee71e34fc1d",
      "name": "MAILSPAM"
    },
    {
      "id": "c72b61de-d6b1-4d93-9fc9-aee826b71258",
      "name": "SERCLI_ASSISTENZA"
    },
    {
      "id": "1549d262-73e1-45ad-93cb-ac025cfc4f66",
      "name": "SERCLI_INTERNET-BANKING"
    },
    {
      "id": "4dd8fddd-b87e-45ca-9b52-399c3aae24fb",
      "name": "Servizio Clienti"
    },
    {
      "id": "2c134a49-e4a5-4c2d-ba81-659f1d878237",
      "name": "Test Code"
    },
    {"name": "RECALL",
     "id": "3f34342c-3af6-4009-8ba5-3bd39cd9b39a"
    }
  ]
}
