{
    "httpStatus": 200,
    "status": "OK",
    "errorCode": null,
    "errorMessage": null,
    "intxId": null,
    "response": [
      {
        "id": 10,
        "name": "TEST CHILD",
        "description": "TEST CHILD",
        "valid": true,
        "system": false,
        "organizationId": 1,
        "platformRequired": false,
        "noteRequired": true
      },
      {
        "id": 11,
        "name": "TEST CHILD 2",
        "description": "TEST CHILD 2",
        "valid": true,
        "system": false,
        "organizationId": 1,
        "platformRequired": true,
        "noteRequired": false
      }      
    ]
  }
  