{
    "httpStatus": 200,
    "status": "OK",
    "errorCode": null,
    "errorMessage": null,
    "intxId": null,
    "response": [
      {
        "id": 1,
        "description": "REMOTE",
        "valid": "Y",
        "organizationId": 1
      },
      {
        "id": 2,
        "description": "SBS",
        "valid": "Y",
        "organizationId": 1
      },
      {
        "id": 3,
        "description": "APP",
        "valid": "Y",
        "organizationId": 1
      }
    ]
  }
  