<?xml version="1.0" encoding="UTF-8"?>
<wls:weblogic-web-app xmlns:wls="http://xmlns.oracle.com/weblogic/weblogic-web-app" 
	xmlns:xsi="http://www.w3.org/2001/XMLSchema-instance" xsi:schemaLocation="http://java.sun.com/xml/ns/javaee  http://java.sun.com/xml/ns/javaee/web-app_2_5.xsd  http://xmlns.oracle.com/weblogic/weblogic-web-app  http://xmlns.oracle.com/weblogic/weblogic-web-app/1.1/weblogic-web-app.xsd">    						
    <wls:wl-dispatch-policy>HomeBanking_workmanager</wls:wl-dispatch-policy>
    <wls:context-root>sellabot</wls:context-root>  
    <wls:session-descriptor>
		<wls:cookie-name>SB_COOKIE</wls:cookie-name>
		<wls:cookie-secure>true</wls:cookie-secure>
	</wls:session-descriptor>
</wls:weblogic-web-app>