{
  "httpStatus": 200,
  "status": "OK",
  "errorCode": null,
  "errorMessage": null,
  "intxId": null,
  "response": [
    {
      "abandonStartDate": "09/08/2022 11.08.43",
      "abandonEndDate": "09/08/2022 11.09.04",
      "conversationId": "30805acd-f354-40b0-9bfe-6a0bfc33e463",
      "state": "CLOSED",
      "worked": true,
      "phone": "+393473751615",
      "recallIntxId": 779277,
      "recallInsDate": "09/08/2022 17.00.16",
      "subjectId": null,
      "abandonQueueName": "TEST_Supporto",
      "abandonQueueId": "e0c08f1f-ad60-42e0-b643-5adb83ce7ab3",
      "subjectDetails": {}
    },
    {
      "abandonStartDate": "09/08/2022 11.09.19",
      "abandonEndDate": "09/08/2022 11.09.40",
      "conversationId": "989b4446-ec0e-496d-8cae-a392e5035dc3",
      "state": "CLOSED",
      "worked": true,
      "phone": "+393473751615",
      "recallIntxId": 779278,
      "recallInsDate": "09/08/2022 17.03.42",
      "subjectId": null,
      "abandonQueueName": "TEST_Supporto",
      "abandonQueueId": "e0c08f1f-ad60-42e0-b643-5adb83ce7ab3",
      "subjectDetails": {}
    },
    {
      "abandonStartDate": "09/08/2022 11.21.28",
      "abandonEndDate": "09/08/2022 11.24.13",
      "conversationId": "16194db2-37a2-4839-ae9d-8edd9294947b",
      "state": "CLOSED",
      "worked": true,
      "phone": "+393473751615",
      "recallIntxId": 779279,
      "recallInsDate": "09/08/2022 17.25.22",
      "subjectId": null,
      "abandonQueueName": "TEST_Supporto",
      "abandonQueueId": "e0c08f1f-ad60-42e0-b643-5adb83ce7ab3",
      "subjectDetails": {}
    },
    {
      "abandonStartDate": "09/08/2022 11.36.51",
      "abandonEndDate": "09/08/2022 11.37.18",
      "conversationId": "77734fb0-996c-44fb-b368-c63b6bf176fc",
      "state": null,
      "worked": false,
      "phone": "+393929271221",
      "recallIntxId": null,
      "recallInsDate": null,
      "subjectId": "1447194",
      "abandonQueueName": "TEST_Supporto",
      "abandonQueueId": "e0c08f1f-ad60-42e0-b643-5adb83ce7ab3",
      "subjectDetails": {
        "UserNT": {
          "key": "Codice NT",
          "value": "GBS01724",
          "participantData": true
        },
        "nameSurname": {
          "key": "Nome Cognome",
          "value": "FYGSKDNDMMNFDZXANLG OALZRMM",
          "participantData": false
        }
      }
    },
    {
      "abandonStartDate": "09/08/2022 11.45.02",
      "abandonEndDate": "09/08/2022 11.46.21",
      "conversationId": "366adcaa-4dd7-4385-9ef8-3a73619c91e9",
      "state": "CLOSED",
      "worked": true,
      "phone": "+393473751615",
      "recallIntxId": 779327,
      "recallInsDate": "10/08/2022 09.56.30",
      "subjectId": "1447194",
      "abandonQueueName": "TEST_Supporto",
      "abandonQueueId": "e0c08f1f-ad60-42e0-b643-5adb83ce7ab3",
      "subjectDetails": {
        "UserNT": {
          "key": "Codice NT",
          "value": "GBS01724",
          "participantData": true
        },
        "nameSurname": {
          "key": "Nome Cognome",
          "value": "FYGSKDNDMMNFDZXANLG OALZRMM",
          "participantData": false
        }
      }
    },
    {
      "abandonStartDate": "09/08/2022 15.59.28",
      "abandonEndDate": "09/08/2022 16.00.47",
      "conversationId": "2d9ef99a-c390-4625-a26a-e32c284e0dfb",
      "state": "CLOSED",
      "worked": true,
      "phone": "+393473751615",
      "recallIntxId": 779276,
      "recallInsDate": "09/08/2022 16.56.22",
      "subjectId": "1447194",
      "abandonQueueName": "TEST_Supporto",
      "abandonQueueId": "e0c08f1f-ad60-42e0-b643-5adb83ce7ab3",
      "subjectDetails": {
        "UserNT": {
          "key": "Codice NT",
          "value": "GBS01724",
          "participantData": true
        },
        "nameSurname": {
          "key": "Nome Cognome",
          "value": "FYGSKDNDMMNFDZXANLG OALZRMM",
          "participantData": false
        }
      }
    },
    {
      "abandonStartDate": "09/08/2022 16.12.55",
      "abandonEndDate": "09/08/2022 16.13.19",
      "conversationId": "389031f4-f1b4-4ee8-97f7-eefe13118085",
      "state": null,
      "worked": false,
      "phone": "+393929271221",
      "recallIntxId": null,
      "recallInsDate": null,
      "subjectId": "1447194",
      "abandonQueueName": "TEST_Supporto",
      "abandonQueueId": "e0c08f1f-ad60-42e0-b643-5adb83ce7ab3",
      "subjectDetails": {
        "UserNT": {
          "key": "Codice NT",
          "value": "GBS01724",
          "participantData": true
        },
        "nameSurname": {
          "key": "Nome Cognome",
          "value": "FYGSKDNDMMNFDZXANLG OALZRMM",
          "participantData": false
        }
      }
    }
  ]
}
