{
    "httpStatus": 200,
    "status": "OK",
    "errorCode": null,
    "errorMessage": null,
    "response": [
        {
            "conto": "1224124962080",
            "contoProfilo": "B",
            "contoProfiloTOL": null,
            "btEnabled": false,
            "ibEnabled": false,
            "cardType": null,
            "tolenabled": false
        },
        {
            "conto": "1252124962080",
            "contoProfilo": "D",
            "contoProfiloTOL": null,
            "btEnabled": true,
            "ibEnabled": true,
            "cardType": null,
            "tolenabled": false
        },
        {
            "conto": "T252436155240",
            "contoProfilo": "I",
            "contoProfiloTOL": null,
            "btEnabled": true,
            "ibEnabled": true,
            "cardType": null,
            "tolenabled": false
        },
        {
            "conto" : "7002818583380",
            "contoProfilo" : "D",
            "tolProfilo" : "X",
            "btEnabled" : true,
            "ibEnabled" : true,
            "tolenabled" : true
        },
        {
            "conto": "1224124962080",
            "contoProfilo": "B",
            "contoProfiloTOL": null,
            "btEnabled": false,
            "ibEnabled": false,
            "cardType": null,
            "tolenabled": false
        },
        {
            "conto": "1252124962080",
            "contoProfilo": "D",
            "contoProfiloTOL": null,
            "btEnabled": true,
            "ibEnabled": true,
            "cardType": null,
            "tolenabled": false
        },
        {
            "conto": "T252436155240",
            "contoProfilo": "I",
            "contoProfiloTOL": null,
            "btEnabled": true,
            "ibEnabled": true,
            "cardType": null,
            "tolenabled": false
        },
        {
            "conto" : "7002818583380",
            "contoProfilo" : "D",
            "tolProfilo" : "X",
            "btEnabled" : true,
            "ibEnabled" : true,
            "tolenabled" : true
        },
        {
            "conto": "1224124962080",
            "contoProfilo": "B",
            "contoProfiloTOL": null,
            "btEnabled": false,
            "ibEnabled": false,
            "cardType": null,
            "tolenabled": false
        },
        {
            "conto": "1252124962080",
            "contoProfilo": "D",
            "contoProfiloTOL": null,
            "btEnabled": true,
            "ibEnabled": true,
            "cardType": null,
            "tolenabled": false
        },
        {
            "conto": "T252436155240",
            "contoProfilo": "I",
            "contoProfiloTOL": null,
            "btEnabled": true,
            "ibEnabled": true,
            "cardType": null,
            "tolenabled": false
        },
        {
            "conto" : "7002818583380",
            "contoProfilo" : "D",
            "tolProfilo" : "X",
            "btEnabled" : true,
            "ibEnabled" : true,
            "tolenabled" : true
        }
    ],
    "interactionId": "11"
}