{
  "httpStatus": 200,
  "status": "OK",
  "errorCode": null,
  "errorMessage": null,
  "intxId": null,
  "response": [
    "CONTATTATO - DISPONIBILE",
    "CONTATTATO - NON DISPONIBILE",
    "NON LAVORABILE PER MANCANZA DI RECAPITI",
    "NON TROVATO - INVIATO MAIL",
    "NON TROVATO - INVIATO SMS",
    "NON TROVATO - LASCIATO MESSAGGIO IN SEGRETERIA",
    "SUCC. PER RICHIESTA INFORMAZIONI O APPROFONDIMENTO POSIZIONE",
    "SUCCURSALE PER RICHIESTA OPERATIVA",
    "SUCCURSALE: ITER A SOFFERENZA",
    "SUCCURSALE: ITER SOPRAVVENIENZA"
  ]
}
