{
  "httpStatus": 200,
  "status": "OK",
  "errorCode": null,
  "errorMessage": null,
  "intxId": null,
  "response": [
    {
      "actionCode": "INVIO_SOPRAVVENIENZA_BARRA",
      "actionDesc": "INVIO A SOPRAVVENIENZA",
      "params": {
        "numDaysBlockPhone": 30,
        "maxNumberDaysPhone": null,
        "numDaysBlockContrCred": 20,
        "maxNumberDaysContrCred": null,
        "numDaysNewRecipient": null,
        "maxNumberDaysNewRecipient": null,
        "actionEndDate": 20,
        "maxActionEndDate": null
      }
    },
    {
      "actionCode": "PROPOSTA _INVIO_LEGALE_BARRA",
      "actionDesc": "PROPOSTA INVIO AL LEGALE",
      "params": {
        "numDaysBlockPhone": null,
        "maxNumberDaysPhone": null,
        "numDaysBlockContrCred": null,
        "maxNumberDaysContrCred": null,
        "numDaysNewRecipient": "manual",
        "maxNumberDaysNewRecipient": 90,
        "actionEndDate": null,
        "maxActionEndDate": null
      }
    },
    {
      "actionCode": "PROROGA_SUCCURSALE_CQS_BARRA",
      "actionDesc": "PROROGA ALLA SUCCURSALE - CESSIONE DEL QUINTO",
      "params": {
        "numDaysBlockPhone": "manual",
        "maxNumberDaysPhone": 5,
        "numDaysBlockContrCred": 38,
        "maxNumberDaysContrCred": null,
        "numDaysNewRecipient": "manual",
        "maxNumberDaysNewRecipient": 4,
        "actionEndDate": 30,
        "maxActionEndDate": null
      }
    },
    {
      "actionCode": "PROROGA_SUCCURSALE_BARRA",
      "actionDesc": "PROROGA ALLA SUCCURSALE",
      "params": {
        "numDaysBlockPhone": null,
        "maxNumberDaysPhone": null,
        "numDaysBlockContrCred": null,
        "maxNumberDaysContrCred": null,
        "numDaysNewRecipient": null,
        "maxNumberDaysNewRecipient": "",
        "actionEndDate": "manual",
        "maxActionEndDate": 30
      }
    },
    {
      "actionCode": "INVIO_DECISORE_PHONE_BARRA",
      "actionDesc": "INVIO A DECISORE PHONE COLLECTION",
      "params": {
        "numDaysBlockPhone": null,
        "maxNumberDaysPhone": null,
        "numDaysBlockContrCred": "manual",
        "maxNumberDaysContrCred": 50,
        "numDaysNewRecipient": null,
        "maxNumberDaysNewRecipient": null,
        "actionEndDate": 20,
        "maxActionEndDate": null
      }
    },
    {
      "actionCode": "IN_LAVORAZIONE_BARRA",
      "actionDesc": "IN LAVORAZIONE",
      "params": {
        "numDaysBlockPhone": null,
        "maxNumberDaysPhone": null,
        "numDaysBlockContrCred": null,
        "maxNumberDaysContrCred": null,
        "numDaysNewRecipient": null,
        "maxNumberDaysNewRecipient": null,
        "actionEndDate": 10,
        "maxActionEndDate": null
      }
    },
    {
      "actionCode": "PROROGA_PHONE_COLLECTION_BARRA",
      "actionDesc": "PROROGA ALL'OPERATORE PHONE COLLECTION",
      "params": {
        "numDaysBlockPhone": "manual",
        "maxNumberDaysPhone": 90,
        "numDaysBlockContrCred": null,
        "maxNumberDaysContrCred": null,
        "numDaysNewRecipient": null,
        "maxNumberDaysNewRecipient": null,
        "actionEndDate": "manual",
        "maxActionEndDate": 30
      }
    },
    {
      "actionCode": "PROROGA_GESTORE_CREDITI_ANOM_BARRA",
      "actionDesc": "PROROGA AL GESTORE CREDITI ANOMALI",
      "params": {
        "numDaysBlockPhone": null,
        "maxNumberDaysPhone": null,
        "numDaysBlockContrCred": null,
        "maxNumberDaysContrCred": null,
        "numDaysNewRecipient": null,
        "maxNumberDaysNewRecipient": null,
        "actionEndDate": "manual",
        "maxActionEndDate": 30
      }
    },
    {
      "actionCode": "INVIO_DECISORE_CREDITI_ANOM_BARRA",
      "actionDesc": "INVIO AL DECISORE CREDITI ANOMALI",
      "params": {
        "numDaysBlockPhone": null,
        "maxNumberDaysPhone": null,
        "numDaysBlockContrCred": null,
        "maxNumberDaysContrCred": null,
        "numDaysNewRecipient": null,
        "maxNumberDaysNewRecipient": null,
        "actionEndDate": null,
        "maxActionEndDate": null
      }
    },
    {
      "actionCode": "INVIO_REC_BARRA",
      "actionDesc": "INVIO AL REC",
      "params": {
        "numDaysBlockPhone": null,
        "maxNumberDaysPhone": null,
        "numDaysBlockContrCred": null,
        "maxNumberDaysContrCred": null,
        "numDaysNewRecipient": null,
        "maxNumberDaysNewRecipient": null,
        "actionEndDate": null,
        "maxActionEndDate": null
      }
    },
    {
      "actionCode": "PROROGA_CAPO_DISTRETTO_BARRA",
      "actionDesc": "PROROGA AL CAPO DISTRETTO",
      "params": {
        "numDaysBlockPhone": null,
        "maxNumberDaysPhone": null,
        "numDaysBlockContrCred": null,
        "maxNumberDaysContrCred": null,
        "numDaysNewRecipient": null,
        "maxNumberDaysNewRecipient": null,
        "actionEndDate": null,
        "maxActionEndDate": null
      }
    }
  ]
}
