{
  "httpStatus": 200,
  "status": "OK",
  "errorCode": null,
  "errorMessage": null,
  "intxId": null,
  "response": [
    {
      "sNo": 1,
      "note": "pervenuti accrediti per un totale di 88,0 E, scadenzio per verif altri accrediti",
      "creationDate": "03-03-2023 16:53:57",
      "operatore": "BSAB90"
    },
    {
      "sNo": 2,
      "note": "3516804134 il cliente molto di fretta dice che devono arrivare IA, poi anche un BD nella negativa farà lui accredito a sistemazione",
      "creationDate": "15-02-2023 12:33:09",
      "operatore": "BSAB90"
    },
    {
      "sNo": 3,
      "note": "si tratta di fido a decurtazioni mensili di 250 E, con scadenza 31ogni del mese, oggi pervenuto BD di 31,36 E, scadenzio per verif altri accrediti ",
      "creationDate": "18-01-2023 12:13:02",
      "operatore": "BSAB90"
    },
    {
      "sNo": 4,
      "note": "POSIZIONE RIENTRATA",
      "creationDate": "31-10-2022 16:21:27",
      "operatore": "BSIA5"
    },
    {
      "sNo": 5,
      "note": "posizione rientrata con incassi deliveroo",
      "creationDate": "25-10-2022 15:54:26",
      "operatore": "BSIA5"
    }
  ]
}
