{
  "httpStatus": 200,
  "status": "OK",
  "errorCode": null,
  "errorMessage": null,
  "intxId": null,
  "response": [
    {
      "sNo": 1,
      "codice": null,
      "cognomeNome": "QTEYERQZWXXH",
      "dataNascita": null,
      "telefono1": "3357777777",
      "telefono2": "01535000000",
      "note": null,
      "esito": "RINEG_TASSO_DURATA_BREVE",
      "dataScadenza": "2022-10-31 14:29:16.0",
      "opUltimaMod": "BSZO1",
      "dataUltimaMod": "2022-10-14 14:29:16.795",
      "idPEG": 639,
      "idNotifica": 1448,
      "sectionId": 1,
      "ruleId":123
    },
    {
      "sNo": "1",
      "codice": "01485371",
      "cognomeNome": "PAOLO COJANA",
      "dataNascita": null,
      "telefono1": "+39368915052",
      "telefono2": null,
      "note": "Ricontattare ad Ottobre.",
      "esito": null,
      "dataScadenza": "17-10-2022 00:00:00",
      "opUltimaMod": "BS214",
      "dataUltimaMod": "02-08-2022 11:27:17",
      "idPEG": 123,
      "idNotifica": 456,
      "sectionId": 3,
      "ruleId":900
    },
    {
      "sNo": "2",
      "codice": "01334308",
      "cognomeNome": "ANNA RUGGERI",
      "dataNascita": null,
      "telefono1": "+393474072191",
      "telefono2": "+390152538493",
      "note": "deve risolvere alcuni problemi di salute si farà sentire lei inviato sm con n. e mail dialogosamart",
      "dataUltimaMod": "07-06-2022 12:36:19",
      "opUltimaMod": "BSA94",
      "esito": null,
      "dataScadenza": "09-11-2022 00:00:00",
      "idPEG": 123,
      "idNotifica": 456,
      "sectionId": 2,
      "ruleId":765
    }
  ]
}
