<?xml version="1.0" encoding="UTF-8"?>

<weblogic-application
	xmlns="http://xmlns.oracle.com/weblogic/weblogic-application"
	xmlns:xsi="http://www.w3.org/2001/XMLSchema-instance"
	xsi:schemaLocation="http://xmlns.oracle.com/weblogic/weblogic-application http://xmlns.oracle.com/weblogic/weblogic-application/1.0/weblogic-application.xsd" >

	<application-param>
		<param-name>webapp.encoding.default</param-name>
		<param-value>UTF-8</param-value>
	</application-param>
	
	<!-- <session-descriptor>
		<cookie-name>HB_COOKIE</cookie-name>
		<sharing-enabled>false</sharing-enabled>
	    <cookie-secure>true</cookie-secure>
	</session-descriptor> -->

	
	<prefer-application-packages>
	
	   <!-- Jackson -->
	   <package-name>com.fasterxml.jackson.*</package-name>
	
	   <!-- JAX-WS Usage -->
	   <package-name>com.sun.istack.*</package-name>
	   <package-name>com.sun.xml.ws.*</package-name>		
	   <package-name>com.sun.xml.bind.*</package-name>		
	   <package-name>com.sun.xml.txw2.*</package-name>		
	   <package-name>com.sun.xml.stream.*</package-name>
	   	
	</prefer-application-packages>

	<prefer-application-resources>
        <resource-name>META-INF/services/*</resource-name>
    </prefer-application-resources>

</weblogic-application>
