{"empDetails":[{"id":1,"empid":"GBS03807","ename":"Sethu","DOJ":"15-Jun-2016","phone":9840112345,"email":"sethu.n@centrico.com","address":"No:1 First Cross, Anna nagar, Chennai"},{"id":2,"empid":"GBS05340","ename":"Sreekanth","DOJ":"15-Jun-2019","phone":9840112345,"email":"sreekanth.pamujula@centrico.com","address":"No:2 First Cross, Anna nagar, Chennai"},{"id":3,"empid":"GBS05635","ename":"Sakthi","DOJ":"15-Jun-2018","phone":9840112345,"email":"sakthivel.k@centrico.com","address":"No:3 First Cross, Anna nagar, Chennai"},{"id":4,"empid":"GBS06438","ename":"Sesha","DOJ":"15-Jun-2021","phone":9840112345,"email":"seshakumar.t@centrico.com","address":"No:4 First Cross, Anna nagar, Chennai"}]}