{
    "status": "OK",
    "errors": [],
    "results": [
        {
            "sender": "BOT",
            "message": null,
            "answer": "Sul sito sella.it trovi le informazioni sui prodotti e servizi offerti da Banca Sella, mentre gruppobancasella.it è il sito istituzionale del Gruppo Banca Sella. Clicca qui per accedere alla pagina.",
            "intentName": "SitoWeb",
            "intentCode": "CON.WEB",
            "action": "CONTINUE",
            "operatorSkill": "",
            "link": "https://www.sella.it/banca-online/privati/index.jsp",
            "intentArea": "BS.Professionalita",
            "url": ""
        }
    ],
    "errorMessageCode": null
}
