{
    "httpStatus": 200,
    "status": "OK",
    "errorCode": null,
    "errorMessage": null,
    "intxId": null,
    "response": {
        "codice": "00067386",
        "abiCode": "null",
        "pinErr": null,
        "passErr": null,
        "dobErr": null,
        "tokenErr": null,
        "scadanzaPin": null,
        "scadanzaPass": null,
        "scadanzaPinDate": null,
        "scadanzaPassDate": null,
        "isNewCustomer": null,
        "userName": null,
        "nextStep": "SMS",
        "authId": null,
        "callBackKey1": null,
        "callBackKey2": null,
        "position1": null,
        "position2": null,
        "validCredential": null,
        "transactionId": null,
        "isSmsOtpValidated": null,
        "error": null
    }
}
