{
  "httpStatus": 200,
  "status": "OK",
  "errorCode": null,
  "errorMessage": null,
  "intxId": null,
  "response": {
    "codice": "00067386",
    "pinErr": "0",
    "passErr": "0",
    "dobErr": "0",
    "tokenErr": null,
    "scadanzaPin": "16",
    "scadanzaPass": "16",
    "scadanzaPinDate": "2021-05-03 08:36:52",
    "scadanzaPassDate": "2021-05-03 08:29:14",
    "isNewCustomer": false,
    "userName": null,
    "nextStep": null,
    "authId": null,
    "callBackKey1": null,
    "callBackKey2": null,
    "position1": null,
    "position2": null,
    "validCredential": null
  }
}
