{
  "httpStatus": 200,
  "status": "OK",
  "errorCode": null,
  "errorMessage": null,
  "intxId": null,
  "response": {
    "codice": "00067386",
    "pinErr": null,
    "passErr": null,
    "dobErr": null,
    "tokenErr": null,
    "scadanzaPin": null,
    "scadanzaPass": null,
    "scadanzaPinDate": null,
    "scadanzaPassDate": null,
    "isNewCustomer": false,
    "userName": null,
    "nextStep": "AuthenticationSuccess",
    "authId": "AQIC5wM2LY4SfcyYMUZbCkJjGB-IH24_ZtD_V3w1Qv5ebxs.*AAJTSQACMDIAAlNLABQtNDE2NTYxODk4OTMxMjUzMTEyMQACUzEAAjA5*",
    "callBackKey1": "PWD_CHARS: 1,7",
    "callBackKey2": "",
    "position1": "1",
    "position2": "7",
    "validCredential": "OK"
  }
}
