{
  "httpStatus": 200,
  "status": "OK",
  "errorCode": null,
  "errorMessage": null,
  "intxId": null,
  "response": {
    "codice": "00067386",
    "pinErr": null,
    "passErr": null,
    "dobErr": null,
    "tokenErr": null,
    "scadanzaPin": null,
    "scadanzaPass": null,
    "scadanzaPinDate": null,
    "scadanzaPassDate": null,
    "isNewCustomer": false,
    "userName": null,
    "nextStep": "PWD",
    "authId": "AQIC5wM2LY4SfcwaRtVoV33mzIJGCHf2s7SPVLbB9v4xTdE.*AAJTSQACMDIAAlNLABMxNTg5OTMxNDE5OTM2NDEyOTg2AAJTMQACMDk.*",
    "callBackKey1": "PWD_CHARS: 1,7",
    "callBackKey2": "",
    "position1": "1",
    "position2": "7",
    "validCredential": null
  }
}
